{"cameraMode":{"drawMode":0,"name":"Shaded","section":"Shading Mode"},"sceneLighting":false,"audioPlay":false,"sceneViewState":{"m_AlwaysRefresh":false,"showFog":true,"showSkybox":false,"showFlares":true,"showImageEffects":true,"showParticleSystems":true,"showVisualEffectGraphs":true,"m_FxEnabled":true},"in2DMode":false,"pivot":{"x":3.9120864868164064,"y":0.2293747365474701,"z":5.684483528137207},"rotation":{"x":-0.16124622523784638,"y":-0.23527221381664277,"z":0.03960861265659332,"w":-0.9576590657234192},"size":0.688520073890686,"orthographic":false}